idx,seed,cosine_similarity_achieved,delta_L2,src_start,src_len,replaced_token_indices,clip_cos_replaced,clip_cos_baseline,img_replaced_path,img_baseline_path
0,71995,0.624589,297.272736,5,1,[5],0.274805,0.262778,/data/pwojcik/UnGuide/random_replacements_cat/idx000_seed71995_cos0.625_clip0.275_ref0.263.png,/data/pwojcik/UnGuide/random_replacements_cat/idx000_seed71995_BASELINE_clip0.263.png
1,71996,0.538448,318.111420,5,1,[5],0.247181,0.281346,/data/pwojcik/UnGuide/random_replacements_cat/idx001_seed71996_cos0.538_clip0.247_ref0.281.png,/data/pwojcik/UnGuide/random_replacements_cat/idx001_seed71996_BASELINE_clip0.281.png
2,71997,0.381500,325.900055,5,1,[5],0.233189,0.288471,/data/pwojcik/UnGuide/random_replacements_cat/idx002_seed71997_cos0.382_clip0.233_ref0.288.png,/data/pwojcik/UnGuide/random_replacements_cat/idx002_seed71997_BASELINE_clip0.288.png
3,71998,0.393481,305.063324,5,1,[5],0.189777,0.281958,/data/pwojcik/UnGuide/random_replacements_cat/idx003_seed71998_cos0.393_clip0.190_ref0.282.png,/data/pwojcik/UnGuide/random_replacements_cat/idx003_seed71998_BASELINE_clip0.282.png
4,71999,0.426430,312.646851,5,1,[5],0.294697,0.271417,/data/pwojcik/UnGuide/random_replacements_cat/idx004_seed71999_cos0.426_clip0.295_ref0.271.png,/data/pwojcik/UnGuide/random_replacements_cat/idx004_seed71999_BASELINE_clip0.271.png
5,72000,0.986595,276.487396,5,1,[5],0.281223,0.268258,/data/pwojcik/UnGuide/random_replacements_cat/idx005_seed72000_cos0.987_clip0.281_ref0.268.png,/data/pwojcik/UnGuide/random_replacements_cat/idx005_seed72000_BASELINE_clip0.268.png
6,72001,0.393408,319.214325,5,1,[5],0.264240,0.277151,/data/pwojcik/UnGuide/random_replacements_cat/idx006_seed72001_cos0.393_clip0.264_ref0.277.png,/data/pwojcik/UnGuide/random_replacements_cat/idx006_seed72001_BASELINE_clip0.277.png
7,72002,0.474497,310.675598,5,1,[5],0.225580,0.281048,/data/pwojcik/UnGuide/random_replacements_cat/idx007_seed72002_cos0.474_clip0.226_ref0.281.png,/data/pwojcik/UnGuide/random_replacements_cat/idx007_seed72002_BASELINE_clip0.281.png
8,72003,0.924783,283.482910,5,1,[5],0.280567,0.270141,/data/pwojcik/UnGuide/random_replacements_cat/idx008_seed72003_cos0.925_clip0.281_ref0.270.png,/data/pwojcik/UnGuide/random_replacements_cat/idx008_seed72003_BASELINE_clip0.270.png
9,72004,0.975868,281.083771,5,1,[5],0.284336,0.272475,/data/pwojcik/UnGuide/random_replacements_cat/idx009_seed72004_cos0.976_clip0.284_ref0.272.png,/data/pwojcik/UnGuide/random_replacements_cat/idx009_seed72004_BASELINE_clip0.272.png
10,72005,0.900086,285.951416,5,1,[5],0.271536,0.265658,/data/pwojcik/UnGuide/random_replacements_cat/idx010_seed72005_cos0.900_clip0.272_ref0.266.png,/data/pwojcik/UnGuide/random_replacements_cat/idx010_seed72005_BASELINE_clip0.266.png
11,72006,0.924098,284.155396,5,1,[5],0.300157,0.264488,/data/pwojcik/UnGuide/random_replacements_cat/idx011_seed72006_cos0.924_clip0.300_ref0.264.png,/data/pwojcik/UnGuide/random_replacements_cat/idx011_seed72006_BASELINE_clip0.264.png
12,72007,0.475952,306.589844,5,1,[5],0.262979,0.279439,/data/pwojcik/UnGuide/random_replacements_cat/idx012_seed72007_cos0.476_clip0.263_ref0.279.png,/data/pwojcik/UnGuide/random_replacements_cat/idx012_seed72007_BASELINE_clip0.279.png
13,72008,0.815628,293.091339,5,1,[5],0.283214,0.275415,/data/pwojcik/UnGuide/random_replacements_cat/idx013_seed72008_cos0.816_clip0.283_ref0.275.png,/data/pwojcik/UnGuide/random_replacements_cat/idx013_seed72008_BASELINE_clip0.275.png
14,72009,0.912150,282.825226,5,1,[5],0.265898,0.274151,/data/pwojcik/UnGuide/random_replacements_cat/idx014_seed72009_cos0.912_clip0.266_ref0.274.png,/data/pwojcik/UnGuide/random_replacements_cat/idx014_seed72009_BASELINE_clip0.274.png
15,72010,0.488353,307.315887,5,1,[5],0.203270,0.288927,/data/pwojcik/UnGuide/random_replacements_cat/idx015_seed72010_cos0.488_clip0.203_ref0.289.png,/data/pwojcik/UnGuide/random_replacements_cat/idx015_seed72010_BASELINE_clip0.289.png
16,72011,0.503262,322.369751,5,1,[5],0.204151,0.277949,/data/pwojcik/UnGuide/random_replacements_cat/idx016_seed72011_cos0.503_clip0.204_ref0.278.png,/data/pwojcik/UnGuide/random_replacements_cat/idx016_seed72011_BASELINE_clip0.278.png
17,72012,0.650851,305.015594,5,1,[5],0.285272,0.270734,/data/pwojcik/UnGuide/random_replacements_cat/idx017_seed72012_cos0.651_clip0.285_ref0.271.png,/data/pwojcik/UnGuide/random_replacements_cat/idx017_seed72012_BASELINE_clip0.271.png
18,72013,0.525891,309.821228,5,1,[5],0.284397,0.280040,/data/pwojcik/UnGuide/random_replacements_cat/idx018_seed72013_cos0.526_clip0.284_ref0.280.png,/data/pwojcik/UnGuide/random_replacements_cat/idx018_seed72013_BASELINE_clip0.280.png
19,72014,0.616925,299.546570,5,1,[5],0.298076,0.268244,/data/pwojcik/UnGuide/random_replacements_cat/idx019_seed72014_cos0.617_clip0.298_ref0.268.png,/data/pwojcik/UnGuide/random_replacements_cat/idx019_seed72014_BASELINE_clip0.268.png
20,72015,0.893889,287.526642,5,1,[5],0.266187,0.270687,/data/pwojcik/UnGuide/random_replacements_cat/idx020_seed72015_cos0.894_clip0.266_ref0.271.png,/data/pwojcik/UnGuide/random_replacements_cat/idx020_seed72015_BASELINE_clip0.271.png
21,72016,0.804420,282.680328,5,1,[5],0.249977,0.273749,/data/pwojcik/UnGuide/random_replacements_cat/idx021_seed72016_cos0.804_clip0.250_ref0.274.png,/data/pwojcik/UnGuide/random_replacements_cat/idx021_seed72016_BASELINE_clip0.274.png
22,72017,0.432921,311.931732,5,1,[5],0.284034,0.267433,/data/pwojcik/UnGuide/random_replacements_cat/idx022_seed72017_cos0.433_clip0.284_ref0.267.png,/data/pwojcik/UnGuide/random_replacements_cat/idx022_seed72017_BASELINE_clip0.267.png
23,72018,0.573868,312.675201,5,1,[5],0.253315,0.275797,/data/pwojcik/UnGuide/random_replacements_cat/idx023_seed72018_cos0.574_clip0.253_ref0.276.png,/data/pwojcik/UnGuide/random_replacements_cat/idx023_seed72018_BASELINE_clip0.276.png
24,72019,0.600928,304.456696,5,1,[5],0.271527,0.273813,/data/pwojcik/UnGuide/random_replacements_cat/idx024_seed72019_cos0.601_clip0.272_ref0.274.png,/data/pwojcik/UnGuide/random_replacements_cat/idx024_seed72019_BASELINE_clip0.274.png
25,72020,0.656074,300.714264,5,1,[5],0.269418,0.278339,/data/pwojcik/UnGuide/random_replacements_cat/idx025_seed72020_cos0.656_clip0.269_ref0.278.png,/data/pwojcik/UnGuide/random_replacements_cat/idx025_seed72020_BASELINE_clip0.278.png
26,72021,0.631732,299.384705,5,1,[5],0.286700,0.273681,/data/pwojcik/UnGuide/random_replacements_cat/idx026_seed72021_cos0.632_clip0.287_ref0.274.png,/data/pwojcik/UnGuide/random_replacements_cat/idx026_seed72021_BASELINE_clip0.274.png
27,72022,0.692729,300.911041,5,1,[5],0.257422,0.288296,/data/pwojcik/UnGuide/random_replacements_cat/idx027_seed72022_cos0.693_clip0.257_ref0.288.png,/data/pwojcik/UnGuide/random_replacements_cat/idx027_seed72022_BASELINE_clip0.288.png
28,72023,0.916652,280.960938,5,1,[5],0.294907,0.266430,/data/pwojcik/UnGuide/random_replacements_cat/idx028_seed72023_cos0.917_clip0.295_ref0.266.png,/data/pwojcik/UnGuide/random_replacements_cat/idx028_seed72023_BASELINE_clip0.266.png
29,72024,0.418469,316.184540,5,1,[5],0.266209,0.288522,/data/pwojcik/UnGuide/random_replacements_cat/idx029_seed72024_cos0.418_clip0.266_ref0.289.png,/data/pwojcik/UnGuide/random_replacements_cat/idx029_seed72024_BASELINE_clip0.289.png
30,72025,0.430401,313.692749,5,1,[5],0.250301,0.278270,/data/pwojcik/UnGuide/random_replacements_cat/idx030_seed72025_cos0.430_clip0.250_ref0.278.png,/data/pwojcik/UnGuide/random_replacements_cat/idx030_seed72025_BASELINE_clip0.278.png
31,72026,0.588227,302.107300,5,1,[5],0.223629,0.275231,/data/pwojcik/UnGuide/random_replacements_cat/idx031_seed72026_cos0.588_clip0.224_ref0.275.png,/data/pwojcik/UnGuide/random_replacements_cat/idx031_seed72026_BASELINE_clip0.275.png
32,72027,0.730661,297.786835,5,1,[5],0.268911,0.276596,/data/pwojcik/UnGuide/random_replacements_cat/idx032_seed72027_cos0.731_clip0.269_ref0.277.png,/data/pwojcik/UnGuide/random_replacements_cat/idx032_seed72027_BASELINE_clip0.277.png
33,72028,0.960185,278.137726,5,1,[5],0.269100,0.269415,/data/pwojcik/UnGuide/random_replacements_cat/idx033_seed72028_cos0.960_clip0.269_ref0.269.png,/data/pwojcik/UnGuide/random_replacements_cat/idx033_seed72028_BASELINE_clip0.269.png
34,72029,0.873904,287.278809,5,1,[5],0.288657,0.285669,/data/pwojcik/UnGuide/random_replacements_cat/idx034_seed72029_cos0.874_clip0.289_ref0.286.png,/data/pwojcik/UnGuide/random_replacements_cat/idx034_seed72029_BASELINE_clip0.286.png
35,72030,0.553342,314.911377,5,1,[5],0.243734,0.276450,/data/pwojcik/UnGuide/random_replacements_cat/idx035_seed72030_cos0.553_clip0.244_ref0.276.png,/data/pwojcik/UnGuide/random_replacements_cat/idx035_seed72030_BASELINE_clip0.276.png
36,72031,0.920474,279.801758,5,1,[5],0.283499,0.286100,/data/pwojcik/UnGuide/random_replacements_cat/idx036_seed72031_cos0.920_clip0.283_ref0.286.png,/data/pwojcik/UnGuide/random_replacements_cat/idx036_seed72031_BASELINE_clip0.286.png
37,72032,0.977320,279.521088,5,1,[5],0.275397,0.262286,/data/pwojcik/UnGuide/random_replacements_cat/idx037_seed72032_cos0.977_clip0.275_ref0.262.png,/data/pwojcik/UnGuide/random_replacements_cat/idx037_seed72032_BASELINE_clip0.262.png
38,72033,0.417699,319.882843,5,1,[5],0.245526,0.266023,/data/pwojcik/UnGuide/random_replacements_cat/idx038_seed72033_cos0.418_clip0.246_ref0.266.png,/data/pwojcik/UnGuide/random_replacements_cat/idx038_seed72033_BASELINE_clip0.266.png
39,72034,0.328616,321.002686,5,1,[5],0.235308,0.274701,/data/pwojcik/UnGuide/random_replacements_cat/idx039_seed72034_cos0.329_clip0.235_ref0.275.png,/data/pwojcik/UnGuide/random_replacements_cat/idx039_seed72034_BASELINE_clip0.275.png
40,72035,0.579416,310.364105,5,1,[5],0.225172,0.268263,/data/pwojcik/UnGuide/random_replacements_cat/idx040_seed72035_cos0.579_clip0.225_ref0.268.png,/data/pwojcik/UnGuide/random_replacements_cat/idx040_seed72035_BASELINE_clip0.268.png
41,72036,0.906054,282.620758,5,1,[5],0.259104,0.281842,/data/pwojcik/UnGuide/random_replacements_cat/idx041_seed72036_cos0.906_clip0.259_ref0.282.png,/data/pwojcik/UnGuide/random_replacements_cat/idx041_seed72036_BASELINE_clip0.282.png
42,72037,0.704612,304.844696,5,1,[5],0.282984,0.273793,/data/pwojcik/UnGuide/random_replacements_cat/idx042_seed72037_cos0.705_clip0.283_ref0.274.png,/data/pwojcik/UnGuide/random_replacements_cat/idx042_seed72037_BASELINE_clip0.274.png
43,72038,0.731543,295.252045,5,1,[5],0.261754,0.293513,/data/pwojcik/UnGuide/random_replacements_cat/idx043_seed72038_cos0.732_clip0.262_ref0.294.png,/data/pwojcik/UnGuide/random_replacements_cat/idx043_seed72038_BASELINE_clip0.294.png
44,72039,0.320172,325.979858,5,1,[5],0.167510,0.267711,/data/pwojcik/UnGuide/random_replacements_cat/idx044_seed72039_cos0.320_clip0.168_ref0.268.png,/data/pwojcik/UnGuide/random_replacements_cat/idx044_seed72039_BASELINE_clip0.268.png
45,72040,0.348718,323.178375,5,1,[5],0.223405,0.274704,/data/pwojcik/UnGuide/random_replacements_cat/idx045_seed72040_cos0.349_clip0.223_ref0.275.png,/data/pwojcik/UnGuide/random_replacements_cat/idx045_seed72040_BASELINE_clip0.275.png
46,72041,0.512133,305.551666,5,1,[5],0.268867,0.277664,/data/pwojcik/UnGuide/random_replacements_cat/idx046_seed72041_cos0.512_clip0.269_ref0.278.png,/data/pwojcik/UnGuide/random_replacements_cat/idx046_seed72041_BASELINE_clip0.278.png
47,72042,0.705312,305.953125,5,1,[5],0.270892,0.282597,/data/pwojcik/UnGuide/random_replacements_cat/idx047_seed72042_cos0.705_clip0.271_ref0.283.png,/data/pwojcik/UnGuide/random_replacements_cat/idx047_seed72042_BASELINE_clip0.283.png
48,72043,0.493936,314.490448,5,1,[5],0.286373,0.296454,/data/pwojcik/UnGuide/random_replacements_cat/idx048_seed72043_cos0.494_clip0.286_ref0.296.png,/data/pwojcik/UnGuide/random_replacements_cat/idx048_seed72043_BASELINE_clip0.296.png
49,72044,0.455305,311.819855,5,1,[5],0.228968,0.277196,/data/pwojcik/UnGuide/random_replacements_cat/idx049_seed72044_cos0.455_clip0.229_ref0.277.png,/data/pwojcik/UnGuide/random_replacements_cat/idx049_seed72044_BASELINE_clip0.277.png
50,72045,0.422180,314.254608,5,1,[5],0.220807,0.269725,/data/pwojcik/UnGuide/random_replacements_cat/idx050_seed72045_cos0.422_clip0.221_ref0.270.png,/data/pwojcik/UnGuide/random_replacements_cat/idx050_seed72045_BASELINE_clip0.270.png
51,72046,0.619383,301.270111,5,1,[5],0.255776,0.266327,/data/pwojcik/UnGuide/random_replacements_cat/idx051_seed72046_cos0.619_clip0.256_ref0.266.png,/data/pwojcik/UnGuide/random_replacements_cat/idx051_seed72046_BASELINE_clip0.266.png
52,72047,0.642672,302.707611,5,1,[5],0.280018,0.259426,/data/pwojcik/UnGuide/random_replacements_cat/idx052_seed72047_cos0.643_clip0.280_ref0.259.png,/data/pwojcik/UnGuide/random_replacements_cat/idx052_seed72047_BASELINE_clip0.259.png
53,72048,0.925427,287.448517,5,1,[5],0.260283,0.261367,/data/pwojcik/UnGuide/random_replacements_cat/idx053_seed72048_cos0.925_clip0.260_ref0.261.png,/data/pwojcik/UnGuide/random_replacements_cat/idx053_seed72048_BASELINE_clip0.261.png
54,72049,0.308381,327.696259,5,1,[5],0.220778,0.281838,/data/pwojcik/UnGuide/random_replacements_cat/idx054_seed72049_cos0.308_clip0.221_ref0.282.png,/data/pwojcik/UnGuide/random_replacements_cat/idx054_seed72049_BASELINE_clip0.282.png
55,72050,0.381328,318.170654,5,1,[5],0.201829,0.272941,/data/pwojcik/UnGuide/random_replacements_cat/idx055_seed72050_cos0.381_clip0.202_ref0.273.png,/data/pwojcik/UnGuide/random_replacements_cat/idx055_seed72050_BASELINE_clip0.273.png
56,72051,0.303066,330.896271,5,1,[5],0.195576,0.275334,/data/pwojcik/UnGuide/random_replacements_cat/idx056_seed72051_cos0.303_clip0.196_ref0.275.png,/data/pwojcik/UnGuide/random_replacements_cat/idx056_seed72051_BASELINE_clip0.275.png
57,72052,0.607091,312.641907,5,1,[5],0.247464,0.283541,/data/pwojcik/UnGuide/random_replacements_cat/idx057_seed72052_cos0.607_clip0.247_ref0.284.png,/data/pwojcik/UnGuide/random_replacements_cat/idx057_seed72052_BASELINE_clip0.284.png
58,72053,0.856514,289.682220,5,1,[5],0.294441,0.277824,/data/pwojcik/UnGuide/random_replacements_cat/idx058_seed72053_cos0.857_clip0.294_ref0.278.png,/data/pwojcik/UnGuide/random_replacements_cat/idx058_seed72053_BASELINE_clip0.278.png
59,72054,0.557959,297.625244,5,1,[5],0.251907,0.279649,/data/pwojcik/UnGuide/random_replacements_cat/idx059_seed72054_cos0.558_clip0.252_ref0.280.png,/data/pwojcik/UnGuide/random_replacements_cat/idx059_seed72054_BASELINE_clip0.280.png
60,72055,0.608326,302.554779,5,1,[5],0.256516,0.283363,/data/pwojcik/UnGuide/random_replacements_cat/idx060_seed72055_cos0.608_clip0.257_ref0.283.png,/data/pwojcik/UnGuide/random_replacements_cat/idx060_seed72055_BASELINE_clip0.283.png
61,72056,0.499142,314.711151,5,1,[5],0.206532,0.279748,/data/pwojcik/UnGuide/random_replacements_cat/idx061_seed72056_cos0.499_clip0.207_ref0.280.png,/data/pwojcik/UnGuide/random_replacements_cat/idx061_seed72056_BASELINE_clip0.280.png
62,72057,0.579116,301.749237,5,1,[5],0.191789,0.275214,/data/pwojcik/UnGuide/random_replacements_cat/idx062_seed72057_cos0.579_clip0.192_ref0.275.png,/data/pwojcik/UnGuide/random_replacements_cat/idx062_seed72057_BASELINE_clip0.275.png
63,72058,0.496430,315.279327,5,1,[5],0.219497,0.273523,/data/pwojcik/UnGuide/random_replacements_cat/idx063_seed72058_cos0.496_clip0.219_ref0.274.png,/data/pwojcik/UnGuide/random_replacements_cat/idx063_seed72058_BASELINE_clip0.274.png
64,72059,0.640584,308.805450,5,1,[5],0.266806,0.285232,/data/pwojcik/UnGuide/random_replacements_cat/idx064_seed72059_cos0.641_clip0.267_ref0.285.png,/data/pwojcik/UnGuide/random_replacements_cat/idx064_seed72059_BASELINE_clip0.285.png
65,72060,0.530958,311.743042,5,1,[5],0.225585,0.270176,/data/pwojcik/UnGuide/random_replacements_cat/idx065_seed72060_cos0.531_clip0.226_ref0.270.png,/data/pwojcik/UnGuide/random_replacements_cat/idx065_seed72060_BASELINE_clip0.270.png
66,72061,0.423612,331.484039,5,1,[5],0.169585,0.287588,/data/pwojcik/UnGuide/random_replacements_cat/idx066_seed72061_cos0.424_clip0.170_ref0.288.png,/data/pwojcik/UnGuide/random_replacements_cat/idx066_seed72061_BASELINE_clip0.288.png
67,72062,0.585749,313.075531,5,1,[5],0.272245,0.266242,/data/pwojcik/UnGuide/random_replacements_cat/idx067_seed72062_cos0.586_clip0.272_ref0.266.png,/data/pwojcik/UnGuide/random_replacements_cat/idx067_seed72062_BASELINE_clip0.266.png
68,72063,0.920420,280.847107,5,1,[5],0.271032,0.278496,/data/pwojcik/UnGuide/random_replacements_cat/idx068_seed72063_cos0.920_clip0.271_ref0.278.png,/data/pwojcik/UnGuide/random_replacements_cat/idx068_seed72063_BASELINE_clip0.278.png
69,72064,0.368938,313.250153,5,1,[5],0.278643,0.289080,/data/pwojcik/UnGuide/random_replacements_cat/idx069_seed72064_cos0.369_clip0.279_ref0.289.png,/data/pwojcik/UnGuide/random_replacements_cat/idx069_seed72064_BASELINE_clip0.289.png
70,72065,0.730744,289.135010,5,1,[5],0.275526,0.274487,/data/pwojcik/UnGuide/random_replacements_cat/idx070_seed72065_cos0.731_clip0.276_ref0.274.png,/data/pwojcik/UnGuide/random_replacements_cat/idx070_seed72065_BASELINE_clip0.274.png
71,72066,0.576428,310.324036,5,1,[5],0.253199,0.287653,/data/pwojcik/UnGuide/random_replacements_cat/idx071_seed72066_cos0.576_clip0.253_ref0.288.png,/data/pwojcik/UnGuide/random_replacements_cat/idx071_seed72066_BASELINE_clip0.288.png
72,72067,0.611059,299.142853,5,1,[5],0.260489,0.265267,/data/pwojcik/UnGuide/random_replacements_cat/idx072_seed72067_cos0.611_clip0.260_ref0.265.png,/data/pwojcik/UnGuide/random_replacements_cat/idx072_seed72067_BASELINE_clip0.265.png
73,72068,0.635953,301.749573,5,1,[5],0.269804,0.273114,/data/pwojcik/UnGuide/random_replacements_cat/idx073_seed72068_cos0.636_clip0.270_ref0.273.png,/data/pwojcik/UnGuide/random_replacements_cat/idx073_seed72068_BASELINE_clip0.273.png
74,72069,0.661540,295.301331,5,1,[5],0.276111,0.281927,/data/pwojcik/UnGuide/random_replacements_cat/idx074_seed72069_cos0.662_clip0.276_ref0.282.png,/data/pwojcik/UnGuide/random_replacements_cat/idx074_seed72069_BASELINE_clip0.282.png
75,72070,0.986940,277.726624,5,1,[5],0.280188,0.263035,/data/pwojcik/UnGuide/random_replacements_cat/idx075_seed72070_cos0.987_clip0.280_ref0.263.png,/data/pwojcik/UnGuide/random_replacements_cat/idx075_seed72070_BASELINE_clip0.263.png
76,72071,0.891831,285.341583,5,1,[5],0.260680,0.276859,/data/pwojcik/UnGuide/random_replacements_cat/idx076_seed72071_cos0.892_clip0.261_ref0.277.png,/data/pwojcik/UnGuide/random_replacements_cat/idx076_seed72071_BASELINE_clip0.277.png
77,72072,0.624760,305.499512,5,1,[5],0.273892,0.262773,/data/pwojcik/UnGuide/random_replacements_cat/idx077_seed72072_cos0.625_clip0.274_ref0.263.png,/data/pwojcik/UnGuide/random_replacements_cat/idx077_seed72072_BASELINE_clip0.263.png
78,72073,0.732561,289.638855,5,1,[5],0.273439,0.282287,/data/pwojcik/UnGuide/random_replacements_cat/idx078_seed72073_cos0.733_clip0.273_ref0.282.png,/data/pwojcik/UnGuide/random_replacements_cat/idx078_seed72073_BASELINE_clip0.282.png
79,72074,0.865541,281.842834,5,1,[5],0.273918,0.253312,/data/pwojcik/UnGuide/random_replacements_cat/idx079_seed72074_cos0.866_clip0.274_ref0.253.png,/data/pwojcik/UnGuide/random_replacements_cat/idx079_seed72074_BASELINE_clip0.253.png
80,72075,0.958538,280.404144,5,1,[5],0.311472,0.280235,/data/pwojcik/UnGuide/random_replacements_cat/idx080_seed72075_cos0.959_clip0.311_ref0.280.png,/data/pwojcik/UnGuide/random_replacements_cat/idx080_seed72075_BASELINE_clip0.280.png
81,72076,0.384962,309.507507,5,1,[5],0.281830,0.278039,/data/pwojcik/UnGuide/random_replacements_cat/idx081_seed72076_cos0.385_clip0.282_ref0.278.png,/data/pwojcik/UnGuide/random_replacements_cat/idx081_seed72076_BASELINE_clip0.278.png
82,72077,0.934028,280.687134,5,1,[5],0.295314,0.274687,/data/pwojcik/UnGuide/random_replacements_cat/idx082_seed72077_cos0.934_clip0.295_ref0.275.png,/data/pwojcik/UnGuide/random_replacements_cat/idx082_seed72077_BASELINE_clip0.275.png
83,72078,0.439494,312.271149,5,1,[5],0.235450,0.278350,/data/pwojcik/UnGuide/random_replacements_cat/idx083_seed72078_cos0.439_clip0.235_ref0.278.png,/data/pwojcik/UnGuide/random_replacements_cat/idx083_seed72078_BASELINE_clip0.278.png
84,72079,0.620550,312.194214,5,1,[5],0.292489,0.271207,/data/pwojcik/UnGuide/random_replacements_cat/idx084_seed72079_cos0.621_clip0.292_ref0.271.png,/data/pwojcik/UnGuide/random_replacements_cat/idx084_seed72079_BASELINE_clip0.271.png
85,72080,0.423245,312.948639,5,1,[5],0.248448,0.300977,/data/pwojcik/UnGuide/random_replacements_cat/idx085_seed72080_cos0.423_clip0.248_ref0.301.png,/data/pwojcik/UnGuide/random_replacements_cat/idx085_seed72080_BASELINE_clip0.301.png
86,72081,0.690274,302.531158,5,1,[5],0.252067,0.267147,/data/pwojcik/UnGuide/random_replacements_cat/idx086_seed72081_cos0.690_clip0.252_ref0.267.png,/data/pwojcik/UnGuide/random_replacements_cat/idx086_seed72081_BASELINE_clip0.267.png
87,72082,0.576884,302.443604,5,1,[5],0.271546,0.262303,/data/pwojcik/UnGuide/random_replacements_cat/idx087_seed72082_cos0.577_clip0.272_ref0.262.png,/data/pwojcik/UnGuide/random_replacements_cat/idx087_seed72082_BASELINE_clip0.262.png
88,72083,0.553532,309.058044,5,1,[5],0.225634,0.273616,/data/pwojcik/UnGuide/random_replacements_cat/idx088_seed72083_cos0.554_clip0.226_ref0.274.png,/data/pwojcik/UnGuide/random_replacements_cat/idx088_seed72083_BASELINE_clip0.274.png
89,72084,0.613766,306.340485,5,1,[5],0.265294,0.294201,/data/pwojcik/UnGuide/random_replacements_cat/idx089_seed72084_cos0.614_clip0.265_ref0.294.png,/data/pwojcik/UnGuide/random_replacements_cat/idx089_seed72084_BASELINE_clip0.294.png
90,72085,0.469315,309.062012,5,1,[5],0.269540,0.272444,/data/pwojcik/UnGuide/random_replacements_cat/idx090_seed72085_cos0.469_clip0.270_ref0.272.png,/data/pwojcik/UnGuide/random_replacements_cat/idx090_seed72085_BASELINE_clip0.272.png
91,72086,0.901241,281.392792,5,1,[5],0.276299,0.283810,/data/pwojcik/UnGuide/random_replacements_cat/idx091_seed72086_cos0.901_clip0.276_ref0.284.png,/data/pwojcik/UnGuide/random_replacements_cat/idx091_seed72086_BASELINE_clip0.284.png
92,72087,0.882823,283.578369,5,1,[5],0.285262,0.282068,/data/pwojcik/UnGuide/random_replacements_cat/idx092_seed72087_cos0.883_clip0.285_ref0.282.png,/data/pwojcik/UnGuide/random_replacements_cat/idx092_seed72087_BASELINE_clip0.282.png
93,72088,0.967484,277.713074,5,1,[5],0.276841,0.259912,/data/pwojcik/UnGuide/random_replacements_cat/idx093_seed72088_cos0.967_clip0.277_ref0.260.png,/data/pwojcik/UnGuide/random_replacements_cat/idx093_seed72088_BASELINE_clip0.260.png
94,72089,0.977906,277.004639,5,1,[5],0.280453,0.260804,/data/pwojcik/UnGuide/random_replacements_cat/idx094_seed72089_cos0.978_clip0.280_ref0.261.png,/data/pwojcik/UnGuide/random_replacements_cat/idx094_seed72089_BASELINE_clip0.261.png
95,72090,0.721263,298.117371,5,1,[5],0.291457,0.275962,/data/pwojcik/UnGuide/random_replacements_cat/idx095_seed72090_cos0.721_clip0.291_ref0.276.png,/data/pwojcik/UnGuide/random_replacements_cat/idx095_seed72090_BASELINE_clip0.276.png
96,72091,0.431082,308.972015,5,1,[5],0.239505,0.269878,/data/pwojcik/UnGuide/random_replacements_cat/idx096_seed72091_cos0.431_clip0.240_ref0.270.png,/data/pwojcik/UnGuide/random_replacements_cat/idx096_seed72091_BASELINE_clip0.270.png
97,72092,0.369075,326.516388,5,1,[5],0.199843,0.278018,/data/pwojcik/UnGuide/random_replacements_cat/idx097_seed72092_cos0.369_clip0.200_ref0.278.png,/data/pwojcik/UnGuide/random_replacements_cat/idx097_seed72092_BASELINE_clip0.278.png
98,72093,0.380121,318.070648,5,1,[5],0.189199,0.269258,/data/pwojcik/UnGuide/random_replacements_cat/idx098_seed72093_cos0.380_clip0.189_ref0.269.png,/data/pwojcik/UnGuide/random_replacements_cat/idx098_seed72093_BASELINE_clip0.269.png
99,72094,0.677654,298.826111,5,1,[5],0.257891,0.279402,/data/pwojcik/UnGuide/random_replacements_cat/idx099_seed72094_cos0.678_clip0.258_ref0.279.png,/data/pwojcik/UnGuide/random_replacements_cat/idx099_seed72094_BASELINE_clip0.279.png
100,72095,0.351542,321.771301,5,1,[5],0.223131,0.274349,/data/pwojcik/UnGuide/random_replacements_cat/idx100_seed72095_cos0.352_clip0.223_ref0.274.png,/data/pwojcik/UnGuide/random_replacements_cat/idx100_seed72095_BASELINE_clip0.274.png
101,72096,0.731084,300.857941,5,1,[5],0.260229,0.272159,/data/pwojcik/UnGuide/random_replacements_cat/idx101_seed72096_cos0.731_clip0.260_ref0.272.png,/data/pwojcik/UnGuide/random_replacements_cat/idx101_seed72096_BASELINE_clip0.272.png
102,72097,0.579693,300.515533,5,1,[5],0.270162,0.275713,/data/pwojcik/UnGuide/random_replacements_cat/idx102_seed72097_cos0.580_clip0.270_ref0.276.png,/data/pwojcik/UnGuide/random_replacements_cat/idx102_seed72097_BASELINE_clip0.276.png
103,72098,0.827412,285.347778,5,1,[5],0.257955,0.285462,/data/pwojcik/UnGuide/random_replacements_cat/idx103_seed72098_cos0.827_clip0.258_ref0.285.png,/data/pwojcik/UnGuide/random_replacements_cat/idx103_seed72098_BASELINE_clip0.285.png
104,72099,0.551401,307.750671,5,1,[5],0.252509,0.285945,/data/pwojcik/UnGuide/random_replacements_cat/idx104_seed72099_cos0.551_clip0.253_ref0.286.png,/data/pwojcik/UnGuide/random_replacements_cat/idx104_seed72099_BASELINE_clip0.286.png
105,72100,0.483166,310.318512,5,1,[5],0.213916,0.268074,/data/pwojcik/UnGuide/random_replacements_cat/idx105_seed72100_cos0.483_clip0.214_ref0.268.png,/data/pwojcik/UnGuide/random_replacements_cat/idx105_seed72100_BASELINE_clip0.268.png
106,72101,0.825039,287.362030,5,1,[5],0.284024,0.281328,/data/pwojcik/UnGuide/random_replacements_cat/idx106_seed72101_cos0.825_clip0.284_ref0.281.png,/data/pwojcik/UnGuide/random_replacements_cat/idx106_seed72101_BASELINE_clip0.281.png
107,72102,0.635927,315.090271,5,1,[5],0.249286,0.289629,/data/pwojcik/UnGuide/random_replacements_cat/idx107_seed72102_cos0.636_clip0.249_ref0.290.png,/data/pwojcik/UnGuide/random_replacements_cat/idx107_seed72102_BASELINE_clip0.290.png
108,72103,0.839130,282.634125,5,1,[5],0.270868,0.260524,/data/pwojcik/UnGuide/random_replacements_cat/idx108_seed72103_cos0.839_clip0.271_ref0.261.png,/data/pwojcik/UnGuide/random_replacements_cat/idx108_seed72103_BASELINE_clip0.261.png
109,72104,0.451322,304.775726,5,1,[5],0.217788,0.266510,/data/pwojcik/UnGuide/random_replacements_cat/idx109_seed72104_cos0.451_clip0.218_ref0.267.png,/data/pwojcik/UnGuide/random_replacements_cat/idx109_seed72104_BASELINE_clip0.267.png
110,72105,0.883439,285.632904,5,1,[5],0.272674,0.273969,/data/pwojcik/UnGuide/random_replacements_cat/idx110_seed72105_cos0.883_clip0.273_ref0.274.png,/data/pwojcik/UnGuide/random_replacements_cat/idx110_seed72105_BASELINE_clip0.274.png
111,72106,0.560629,307.007385,5,1,[5],0.255072,0.291413,/data/pwojcik/UnGuide/random_replacements_cat/idx111_seed72106_cos0.561_clip0.255_ref0.291.png,/data/pwojcik/UnGuide/random_replacements_cat/idx111_seed72106_BASELINE_clip0.291.png
112,72107,0.844878,284.194763,5,1,[5],0.267794,0.270157,/data/pwojcik/UnGuide/random_replacements_cat/idx112_seed72107_cos0.845_clip0.268_ref0.270.png,/data/pwojcik/UnGuide/random_replacements_cat/idx112_seed72107_BASELINE_clip0.270.png
113,72108,0.630165,306.649780,5,1,[5],0.272564,0.283087,/data/pwojcik/UnGuide/random_replacements_cat/idx113_seed72108_cos0.630_clip0.273_ref0.283.png,/data/pwojcik/UnGuide/random_replacements_cat/idx113_seed72108_BASELINE_clip0.283.png
114,72109,0.504055,320.675354,5,1,[5],0.208164,0.282553,/data/pwojcik/UnGuide/random_replacements_cat/idx114_seed72109_cos0.504_clip0.208_ref0.283.png,/data/pwojcik/UnGuide/random_replacements_cat/idx114_seed72109_BASELINE_clip0.283.png
115,72110,0.573489,304.431030,5,1,[5],0.242159,0.268873,/data/pwojcik/UnGuide/random_replacements_cat/idx115_seed72110_cos0.573_clip0.242_ref0.269.png,/data/pwojcik/UnGuide/random_replacements_cat/idx115_seed72110_BASELINE_clip0.269.png
116,72111,0.673523,296.111542,5,1,[5],0.227559,0.268045,/data/pwojcik/UnGuide/random_replacements_cat/idx116_seed72111_cos0.674_clip0.228_ref0.268.png,/data/pwojcik/UnGuide/random_replacements_cat/idx116_seed72111_BASELINE_clip0.268.png
117,72112,0.539407,313.805664,5,1,[5],0.250706,0.274219,/data/pwojcik/UnGuide/random_replacements_cat/idx117_seed72112_cos0.539_clip0.251_ref0.274.png,/data/pwojcik/UnGuide/random_replacements_cat/idx117_seed72112_BASELINE_clip0.274.png
118,72113,0.623145,302.856659,5,1,[5],0.265377,0.275033,/data/pwojcik/UnGuide/random_replacements_cat/idx118_seed72113_cos0.623_clip0.265_ref0.275.png,/data/pwojcik/UnGuide/random_replacements_cat/idx118_seed72113_BASELINE_clip0.275.png
119,72114,0.547658,311.802216,5,1,[5],0.188917,0.249265,/data/pwojcik/UnGuide/random_replacements_cat/idx119_seed72114_cos0.548_clip0.189_ref0.249.png,/data/pwojcik/UnGuide/random_replacements_cat/idx119_seed72114_BASELINE_clip0.249.png
120,72115,0.511946,307.462280,5,1,[5],0.271237,0.269570,/data/pwojcik/UnGuide/random_replacements_cat/idx120_seed72115_cos0.512_clip0.271_ref0.270.png,/data/pwojcik/UnGuide/random_replacements_cat/idx120_seed72115_BASELINE_clip0.270.png
121,72116,0.752534,298.327423,5,1,[5],0.262450,0.266964,/data/pwojcik/UnGuide/random_replacements_cat/idx121_seed72116_cos0.753_clip0.262_ref0.267.png,/data/pwojcik/UnGuide/random_replacements_cat/idx121_seed72116_BASELINE_clip0.267.png
122,72117,0.527597,311.625763,5,1,[5],0.205807,0.266088,/data/pwojcik/UnGuide/random_replacements_cat/idx122_seed72117_cos0.528_clip0.206_ref0.266.png,/data/pwojcik/UnGuide/random_replacements_cat/idx122_seed72117_BASELINE_clip0.266.png
123,72118,0.983776,278.761017,5,1,[5],0.270163,0.278691,/data/pwojcik/UnGuide/random_replacements_cat/idx123_seed72118_cos0.984_clip0.270_ref0.279.png,/data/pwojcik/UnGuide/random_replacements_cat/idx123_seed72118_BASELINE_clip0.279.png
124,72119,0.965174,282.509644,5,1,[5],0.285035,0.284125,/data/pwojcik/UnGuide/random_replacements_cat/idx124_seed72119_cos0.965_clip0.285_ref0.284.png,/data/pwojcik/UnGuide/random_replacements_cat/idx124_seed72119_BASELINE_clip0.284.png
125,72120,0.721738,302.609894,5,1,[5],0.274785,0.275268,/data/pwojcik/UnGuide/random_replacements_cat/idx125_seed72120_cos0.722_clip0.275_ref0.275.png,/data/pwojcik/UnGuide/random_replacements_cat/idx125_seed72120_BASELINE_clip0.275.png
126,72121,0.401101,318.209442,5,1,[5],0.212214,0.280745,/data/pwojcik/UnGuide/random_replacements_cat/idx126_seed72121_cos0.401_clip0.212_ref0.281.png,/data/pwojcik/UnGuide/random_replacements_cat/idx126_seed72121_BASELINE_clip0.281.png
127,72122,0.383564,318.841522,5,1,[5],0.233429,0.275645,/data/pwojcik/UnGuide/random_replacements_cat/idx127_seed72122_cos0.384_clip0.233_ref0.276.png,/data/pwojcik/UnGuide/random_replacements_cat/idx127_seed72122_BASELINE_clip0.276.png
128,72123,0.765558,299.668640,5,1,[5],0.282178,0.270897,/data/pwojcik/UnGuide/random_replacements_cat/idx128_seed72123_cos0.766_clip0.282_ref0.271.png,/data/pwojcik/UnGuide/random_replacements_cat/idx128_seed72123_BASELINE_clip0.271.png
129,72124,0.924330,284.044220,5,1,[5],0.294404,0.256597,/data/pwojcik/UnGuide/random_replacements_cat/idx129_seed72124_cos0.924_clip0.294_ref0.257.png,/data/pwojcik/UnGuide/random_replacements_cat/idx129_seed72124_BASELINE_clip0.257.png
130,72125,0.832395,291.038635,5,1,[5],0.278042,0.277429,/data/pwojcik/UnGuide/random_replacements_cat/idx130_seed72125_cos0.832_clip0.278_ref0.277.png,/data/pwojcik/UnGuide/random_replacements_cat/idx130_seed72125_BASELINE_clip0.277.png
131,72126,0.477593,315.119080,5,1,[5],0.216180,0.265714,/data/pwojcik/UnGuide/random_replacements_cat/idx131_seed72126_cos0.478_clip0.216_ref0.266.png,/data/pwojcik/UnGuide/random_replacements_cat/idx131_seed72126_BASELINE_clip0.266.png
132,72127,0.686889,304.230103,5,1,[5],0.292729,0.272288,/data/pwojcik/UnGuide/random_replacements_cat/idx132_seed72127_cos0.687_clip0.293_ref0.272.png,/data/pwojcik/UnGuide/random_replacements_cat/idx132_seed72127_BASELINE_clip0.272.png
133,72128,0.861428,294.016876,5,1,[5],0.261988,0.274132,/data/pwojcik/UnGuide/random_replacements_cat/idx133_seed72128_cos0.861_clip0.262_ref0.274.png,/data/pwojcik/UnGuide/random_replacements_cat/idx133_seed72128_BASELINE_clip0.274.png
134,72129,0.370697,321.214905,5,1,[5],0.204274,0.275027,/data/pwojcik/UnGuide/random_replacements_cat/idx134_seed72129_cos0.371_clip0.204_ref0.275.png,/data/pwojcik/UnGuide/random_replacements_cat/idx134_seed72129_BASELINE_clip0.275.png
135,72130,0.410335,316.758820,5,1,[5],0.271832,0.280869,/data/pwojcik/UnGuide/random_replacements_cat/idx135_seed72130_cos0.410_clip0.272_ref0.281.png,/data/pwojcik/UnGuide/random_replacements_cat/idx135_seed72130_BASELINE_clip0.281.png
136,72131,0.698547,294.800568,5,1,[5],0.255283,0.280646,/data/pwojcik/UnGuide/random_replacements_cat/idx136_seed72131_cos0.699_clip0.255_ref0.281.png,/data/pwojcik/UnGuide/random_replacements_cat/idx136_seed72131_BASELINE_clip0.281.png
137,72132,0.722881,297.535034,5,1,[5],0.217204,0.267117,/data/pwojcik/UnGuide/random_replacements_cat/idx137_seed72132_cos0.723_clip0.217_ref0.267.png,/data/pwojcik/UnGuide/random_replacements_cat/idx137_seed72132_BASELINE_clip0.267.png
138,72133,0.666032,298.015503,5,1,[5],0.213949,0.290845,/data/pwojcik/UnGuide/random_replacements_cat/idx138_seed72133_cos0.666_clip0.214_ref0.291.png,/data/pwojcik/UnGuide/random_replacements_cat/idx138_seed72133_BASELINE_clip0.291.png
139,72134,0.696112,286.361664,5,1,[5],0.277432,0.261665,/data/pwojcik/UnGuide/random_replacements_cat/idx139_seed72134_cos0.696_clip0.277_ref0.262.png,/data/pwojcik/UnGuide/random_replacements_cat/idx139_seed72134_BASELINE_clip0.262.png
140,72135,0.492952,302.546722,5,1,[5],0.240275,0.277085,/data/pwojcik/UnGuide/random_replacements_cat/idx140_seed72135_cos0.493_clip0.240_ref0.277.png,/data/pwojcik/UnGuide/random_replacements_cat/idx140_seed72135_BASELINE_clip0.277.png
141,72136,0.570593,301.825226,5,1,[5],0.254138,0.280503,/data/pwojcik/UnGuide/random_replacements_cat/idx141_seed72136_cos0.571_clip0.254_ref0.281.png,/data/pwojcik/UnGuide/random_replacements_cat/idx141_seed72136_BASELINE_clip0.281.png
142,72137,0.599150,304.223511,5,1,[5],0.259072,0.274498,/data/pwojcik/UnGuide/random_replacements_cat/idx142_seed72137_cos0.599_clip0.259_ref0.274.png,/data/pwojcik/UnGuide/random_replacements_cat/idx142_seed72137_BASELINE_clip0.274.png
143,72138,0.835934,290.112946,5,1,[5],0.256940,0.270367,/data/pwojcik/UnGuide/random_replacements_cat/idx143_seed72138_cos0.836_clip0.257_ref0.270.png,/data/pwojcik/UnGuide/random_replacements_cat/idx143_seed72138_BASELINE_clip0.270.png
144,72139,0.376068,330.671997,5,1,[5],0.215818,0.269588,/data/pwojcik/UnGuide/random_replacements_cat/idx144_seed72139_cos0.376_clip0.216_ref0.270.png,/data/pwojcik/UnGuide/random_replacements_cat/idx144_seed72139_BASELINE_clip0.270.png
145,72140,0.688904,291.515503,5,1,[5],0.214018,0.289110,/data/pwojcik/UnGuide/random_replacements_cat/idx145_seed72140_cos0.689_clip0.214_ref0.289.png,/data/pwojcik/UnGuide/random_replacements_cat/idx145_seed72140_BASELINE_clip0.289.png
146,72141,0.892651,282.544403,5,1,[5],0.271122,0.295737,/data/pwojcik/UnGuide/random_replacements_cat/idx146_seed72141_cos0.893_clip0.271_ref0.296.png,/data/pwojcik/UnGuide/random_replacements_cat/idx146_seed72141_BASELINE_clip0.296.png
147,72142,0.885159,289.323914,5,1,[5],0.281810,0.260090,/data/pwojcik/UnGuide/random_replacements_cat/idx147_seed72142_cos0.885_clip0.282_ref0.260.png,/data/pwojcik/UnGuide/random_replacements_cat/idx147_seed72142_BASELINE_clip0.260.png
148,72143,0.471249,308.227783,5,1,[5],0.197846,0.281627,/data/pwojcik/UnGuide/random_replacements_cat/idx148_seed72143_cos0.471_clip0.198_ref0.282.png,/data/pwojcik/UnGuide/random_replacements_cat/idx148_seed72143_BASELINE_clip0.282.png
149,72144,0.508144,313.915833,5,1,[5],0.262496,0.269382,/data/pwojcik/UnGuide/random_replacements_cat/idx149_seed72144_cos0.508_clip0.262_ref0.269.png,/data/pwojcik/UnGuide/random_replacements_cat/idx149_seed72144_BASELINE_clip0.269.png
150,72145,0.470770,314.245636,5,1,[5],0.210680,0.276565,/data/pwojcik/UnGuide/random_replacements_cat/idx150_seed72145_cos0.471_clip0.211_ref0.277.png,/data/pwojcik/UnGuide/random_replacements_cat/idx150_seed72145_BASELINE_clip0.277.png
151,72146,0.592876,312.421051,5,1,[5],0.265936,0.274903,/data/pwojcik/UnGuide/random_replacements_cat/idx151_seed72146_cos0.593_clip0.266_ref0.275.png,/data/pwojcik/UnGuide/random_replacements_cat/idx151_seed72146_BASELINE_clip0.275.png
152,72147,0.971406,280.468719,5,1,[5],0.269797,0.276253,/data/pwojcik/UnGuide/random_replacements_cat/idx152_seed72147_cos0.971_clip0.270_ref0.276.png,/data/pwojcik/UnGuide/random_replacements_cat/idx152_seed72147_BASELINE_clip0.276.png
153,72148,0.697391,298.981415,5,1,[5],0.256563,0.280612,/data/pwojcik/UnGuide/random_replacements_cat/idx153_seed72148_cos0.697_clip0.257_ref0.281.png,/data/pwojcik/UnGuide/random_replacements_cat/idx153_seed72148_BASELINE_clip0.281.png
154,72149,0.568518,303.633606,5,1,[5],0.213338,0.279159,/data/pwojcik/UnGuide/random_replacements_cat/idx154_seed72149_cos0.569_clip0.213_ref0.279.png,/data/pwojcik/UnGuide/random_replacements_cat/idx154_seed72149_BASELINE_clip0.279.png
155,72150,0.525781,311.100098,5,1,[5],0.276413,0.280900,/data/pwojcik/UnGuide/random_replacements_cat/idx155_seed72150_cos0.526_clip0.276_ref0.281.png,/data/pwojcik/UnGuide/random_replacements_cat/idx155_seed72150_BASELINE_clip0.281.png
156,72151,0.762768,293.352570,5,1,[5],0.257993,0.279783,/data/pwojcik/UnGuide/random_replacements_cat/idx156_seed72151_cos0.763_clip0.258_ref0.280.png,/data/pwojcik/UnGuide/random_replacements_cat/idx156_seed72151_BASELINE_clip0.280.png
157,72152,0.543813,310.047150,5,1,[5],0.223268,0.252944,/data/pwojcik/UnGuide/random_replacements_cat/idx157_seed72152_cos0.544_clip0.223_ref0.253.png,/data/pwojcik/UnGuide/random_replacements_cat/idx157_seed72152_BASELINE_clip0.253.png
158,72153,0.742644,290.390747,5,1,[5],0.276583,0.275468,/data/pwojcik/UnGuide/random_replacements_cat/idx158_seed72153_cos0.743_clip0.277_ref0.275.png,/data/pwojcik/UnGuide/random_replacements_cat/idx158_seed72153_BASELINE_clip0.275.png
159,72154,0.967533,279.149475,5,1,[5],0.280573,0.273950,/data/pwojcik/UnGuide/random_replacements_cat/idx159_seed72154_cos0.968_clip0.281_ref0.274.png,/data/pwojcik/UnGuide/random_replacements_cat/idx159_seed72154_BASELINE_clip0.274.png
160,72155,0.952000,276.025085,5,1,[5],0.276476,0.274291,/data/pwojcik/UnGuide/random_replacements_cat/idx160_seed72155_cos0.952_clip0.276_ref0.274.png,/data/pwojcik/UnGuide/random_replacements_cat/idx160_seed72155_BASELINE_clip0.274.png
161,72156,0.582031,312.842102,5,1,[5],0.233602,0.278248,/data/pwojcik/UnGuide/random_replacements_cat/idx161_seed72156_cos0.582_clip0.234_ref0.278.png,/data/pwojcik/UnGuide/random_replacements_cat/idx161_seed72156_BASELINE_clip0.278.png
162,72157,0.422699,318.753967,5,1,[5],0.241640,0.283818,/data/pwojcik/UnGuide/random_replacements_cat/idx162_seed72157_cos0.423_clip0.242_ref0.284.png,/data/pwojcik/UnGuide/random_replacements_cat/idx162_seed72157_BASELINE_clip0.284.png
163,72158,0.630940,296.684418,5,1,[5],0.200322,0.275313,/data/pwojcik/UnGuide/random_replacements_cat/idx163_seed72158_cos0.631_clip0.200_ref0.275.png,/data/pwojcik/UnGuide/random_replacements_cat/idx163_seed72158_BASELINE_clip0.275.png
164,72159,0.997348,277.643951,5,1,[5],0.269934,0.268870,/data/pwojcik/UnGuide/random_replacements_cat/idx164_seed72159_cos0.997_clip0.270_ref0.269.png,/data/pwojcik/UnGuide/random_replacements_cat/idx164_seed72159_BASELINE_clip0.269.png
165,72160,0.393857,320.037140,5,1,[5],0.264400,0.279342,/data/pwojcik/UnGuide/random_replacements_cat/idx165_seed72160_cos0.394_clip0.264_ref0.279.png,/data/pwojcik/UnGuide/random_replacements_cat/idx165_seed72160_BASELINE_clip0.279.png
166,72161,0.635055,299.320282,5,1,[5],0.188190,0.295018,/data/pwojcik/UnGuide/random_replacements_cat/idx166_seed72161_cos0.635_clip0.188_ref0.295.png,/data/pwojcik/UnGuide/random_replacements_cat/idx166_seed72161_BASELINE_clip0.295.png
167,72162,0.643563,299.436554,5,1,[5],0.278535,0.273954,/data/pwojcik/UnGuide/random_replacements_cat/idx167_seed72162_cos0.644_clip0.279_ref0.274.png,/data/pwojcik/UnGuide/random_replacements_cat/idx167_seed72162_BASELINE_clip0.274.png
168,72163,0.484936,316.717499,5,1,[5],0.218363,0.288559,/data/pwojcik/UnGuide/random_replacements_cat/idx168_seed72163_cos0.485_clip0.218_ref0.289.png,/data/pwojcik/UnGuide/random_replacements_cat/idx168_seed72163_BASELINE_clip0.289.png
169,72164,0.367695,320.411316,5,1,[5],0.223320,0.292578,/data/pwojcik/UnGuide/random_replacements_cat/idx169_seed72164_cos0.368_clip0.223_ref0.293.png,/data/pwojcik/UnGuide/random_replacements_cat/idx169_seed72164_BASELINE_clip0.293.png
170,72165,0.779493,296.298859,5,1,[5],0.247407,0.279470,/data/pwojcik/UnGuide/random_replacements_cat/idx170_seed72165_cos0.779_clip0.247_ref0.279.png,/data/pwojcik/UnGuide/random_replacements_cat/idx170_seed72165_BASELINE_clip0.279.png
171,72166,0.943431,283.390015,5,1,[5],0.280771,0.264216,/data/pwojcik/UnGuide/random_replacements_cat/idx171_seed72166_cos0.943_clip0.281_ref0.264.png,/data/pwojcik/UnGuide/random_replacements_cat/idx171_seed72166_BASELINE_clip0.264.png
172,72167,0.943239,282.035431,5,1,[5],0.273425,0.278248,/data/pwojcik/UnGuide/random_replacements_cat/idx172_seed72167_cos0.943_clip0.273_ref0.278.png,/data/pwojcik/UnGuide/random_replacements_cat/idx172_seed72167_BASELINE_clip0.278.png
173,72168,0.378814,312.430328,5,1,[5],0.285309,0.283595,/data/pwojcik/UnGuide/random_replacements_cat/idx173_seed72168_cos0.379_clip0.285_ref0.284.png,/data/pwojcik/UnGuide/random_replacements_cat/idx173_seed72168_BASELINE_clip0.284.png
174,72169,0.322469,323.557800,5,1,[5],0.232919,0.275883,/data/pwojcik/UnGuide/random_replacements_cat/idx174_seed72169_cos0.322_clip0.233_ref0.276.png,/data/pwojcik/UnGuide/random_replacements_cat/idx174_seed72169_BASELINE_clip0.276.png
175,72170,0.563093,310.847687,5,1,[5],0.246720,0.264987,/data/pwojcik/UnGuide/random_replacements_cat/idx175_seed72170_cos0.563_clip0.247_ref0.265.png,/data/pwojcik/UnGuide/random_replacements_cat/idx175_seed72170_BASELINE_clip0.265.png
176,72171,0.342632,325.733551,5,1,[5],0.220255,0.286649,/data/pwojcik/UnGuide/random_replacements_cat/idx176_seed72171_cos0.343_clip0.220_ref0.287.png,/data/pwojcik/UnGuide/random_replacements_cat/idx176_seed72171_BASELINE_clip0.287.png
177,72172,0.375881,326.260681,5,1,[5],0.267053,0.276867,/data/pwojcik/UnGuide/random_replacements_cat/idx177_seed72172_cos0.376_clip0.267_ref0.277.png,/data/pwojcik/UnGuide/random_replacements_cat/idx177_seed72172_BASELINE_clip0.277.png
178,72173,0.395409,325.218079,5,1,[5],0.202056,0.252097,/data/pwojcik/UnGuide/random_replacements_cat/idx178_seed72173_cos0.395_clip0.202_ref0.252.png,/data/pwojcik/UnGuide/random_replacements_cat/idx178_seed72173_BASELINE_clip0.252.png
179,72174,0.399148,322.715363,5,1,[5],0.205738,0.278267,/data/pwojcik/UnGuide/random_replacements_cat/idx179_seed72174_cos0.399_clip0.206_ref0.278.png,/data/pwojcik/UnGuide/random_replacements_cat/idx179_seed72174_BASELINE_clip0.278.png
180,72175,0.473500,309.317780,5,1,[5],0.196365,0.271621,/data/pwojcik/UnGuide/random_replacements_cat/idx180_seed72175_cos0.473_clip0.196_ref0.272.png,/data/pwojcik/UnGuide/random_replacements_cat/idx180_seed72175_BASELINE_clip0.272.png
181,72176,0.526712,313.581329,5,1,[5],0.239651,0.289346,/data/pwojcik/UnGuide/random_replacements_cat/idx181_seed72176_cos0.527_clip0.240_ref0.289.png,/data/pwojcik/UnGuide/random_replacements_cat/idx181_seed72176_BASELINE_clip0.289.png
182,72177,0.655995,293.656830,5,1,[5],0.252543,0.277987,/data/pwojcik/UnGuide/random_replacements_cat/idx182_seed72177_cos0.656_clip0.253_ref0.278.png,/data/pwojcik/UnGuide/random_replacements_cat/idx182_seed72177_BASELINE_clip0.278.png
183,72178,0.566098,318.298859,5,1,[5],0.279461,0.278780,/data/pwojcik/UnGuide/random_replacements_cat/idx183_seed72178_cos0.566_clip0.279_ref0.279.png,/data/pwojcik/UnGuide/random_replacements_cat/idx183_seed72178_BASELINE_clip0.279.png
184,72179,0.732853,298.723572,5,1,[5],0.266580,0.280682,/data/pwojcik/UnGuide/random_replacements_cat/idx184_seed72179_cos0.733_clip0.267_ref0.281.png,/data/pwojcik/UnGuide/random_replacements_cat/idx184_seed72179_BASELINE_clip0.281.png
185,72180,0.978906,277.999756,5,1,[5],0.284444,0.282214,/data/pwojcik/UnGuide/random_replacements_cat/idx185_seed72180_cos0.979_clip0.284_ref0.282.png,/data/pwojcik/UnGuide/random_replacements_cat/idx185_seed72180_BASELINE_clip0.282.png
186,72181,0.887661,281.216309,5,1,[5],0.286392,0.277445,/data/pwojcik/UnGuide/random_replacements_cat/idx186_seed72181_cos0.888_clip0.286_ref0.277.png,/data/pwojcik/UnGuide/random_replacements_cat/idx186_seed72181_BASELINE_clip0.277.png
187,72182,0.315049,323.840179,5,1,[5],0.219729,0.273526,/data/pwojcik/UnGuide/random_replacements_cat/idx187_seed72182_cos0.315_clip0.220_ref0.274.png,/data/pwojcik/UnGuide/random_replacements_cat/idx187_seed72182_BASELINE_clip0.274.png
188,72183,0.855444,283.278809,5,1,[5],0.272584,0.275943,/data/pwojcik/UnGuide/random_replacements_cat/idx188_seed72183_cos0.855_clip0.273_ref0.276.png,/data/pwojcik/UnGuide/random_replacements_cat/idx188_seed72183_BASELINE_clip0.276.png
189,72184,0.665438,297.800751,5,1,[5],0.290322,0.262325,/data/pwojcik/UnGuide/random_replacements_cat/idx189_seed72184_cos0.665_clip0.290_ref0.262.png,/data/pwojcik/UnGuide/random_replacements_cat/idx189_seed72184_BASELINE_clip0.262.png
190,72185,0.313876,323.871033,5,1,[5],0.210126,0.278747,/data/pwojcik/UnGuide/random_replacements_cat/idx190_seed72185_cos0.314_clip0.210_ref0.279.png,/data/pwojcik/UnGuide/random_replacements_cat/idx190_seed72185_BASELINE_clip0.279.png
191,72186,0.307824,338.207520,5,1,[5],0.153234,0.299547,/data/pwojcik/UnGuide/random_replacements_cat/idx191_seed72186_cos0.308_clip0.153_ref0.300.png,/data/pwojcik/UnGuide/random_replacements_cat/idx191_seed72186_BASELINE_clip0.300.png
192,72187,0.372566,320.816711,5,1,[5],0.203869,0.277117,/data/pwojcik/UnGuide/random_replacements_cat/idx192_seed72187_cos0.373_clip0.204_ref0.277.png,/data/pwojcik/UnGuide/random_replacements_cat/idx192_seed72187_BASELINE_clip0.277.png
193,72188,0.478265,317.594543,5,1,[5],0.221648,0.279252,/data/pwojcik/UnGuide/random_replacements_cat/idx193_seed72188_cos0.478_clip0.222_ref0.279.png,/data/pwojcik/UnGuide/random_replacements_cat/idx193_seed72188_BASELINE_clip0.279.png
194,72189,0.919036,283.508850,5,1,[5],0.269565,0.267479,/data/pwojcik/UnGuide/random_replacements_cat/idx194_seed72189_cos0.919_clip0.270_ref0.267.png,/data/pwojcik/UnGuide/random_replacements_cat/idx194_seed72189_BASELINE_clip0.267.png
195,72190,0.943846,280.971069,5,1,[5],0.286116,0.275255,/data/pwojcik/UnGuide/random_replacements_cat/idx195_seed72190_cos0.944_clip0.286_ref0.275.png,/data/pwojcik/UnGuide/random_replacements_cat/idx195_seed72190_BASELINE_clip0.275.png
196,72191,0.489920,315.496460,5,1,[5],0.229293,0.270716,/data/pwojcik/UnGuide/random_replacements_cat/idx196_seed72191_cos0.490_clip0.229_ref0.271.png,/data/pwojcik/UnGuide/random_replacements_cat/idx196_seed72191_BASELINE_clip0.271.png
197,72192,0.788193,296.518280,5,1,[5],0.272672,0.270306,/data/pwojcik/UnGuide/random_replacements_cat/idx197_seed72192_cos0.788_clip0.273_ref0.270.png,/data/pwojcik/UnGuide/random_replacements_cat/idx197_seed72192_BASELINE_clip0.270.png
198,72193,0.309286,326.721436,5,1,[5],0.193468,0.279425,/data/pwojcik/UnGuide/random_replacements_cat/idx198_seed72193_cos0.309_clip0.193_ref0.279.png,/data/pwojcik/UnGuide/random_replacements_cat/idx198_seed72193_BASELINE_clip0.279.png
199,72194,0.891159,289.442932,5,1,[5],0.265189,0.276057,/data/pwojcik/UnGuide/random_replacements_cat/idx199_seed72194_cos0.891_clip0.265_ref0.276.png,/data/pwojcik/UnGuide/random_replacements_cat/idx199_seed72194_BASELINE_clip0.276.png
